{
  "collection": "clinics/{clinicId}/assessmentPacks",
  "docId": "{packId}",
  "description": "A pack is a template that pre-populates objective/subjective fields for a body region and workflow.",
  "example": {
    "schemaVersion": 1,

    "name": "Shoulder Assessment Pack",
    "bodyRegion": "shoulder",
    "defaultSide": "left",
    "noteTypes": ["initial_assessment", "progress"],

    "objectiveTemplate": {
      "activeRom": [
        { "movement": "Flexion", "value": null, "painful": false, "reproducesMainSymptoms": false, "notes": null },
        { "movement": "Abduction", "value": null, "painful": false, "reproducesMainSymptoms": false, "notes": null }
      ],
      "strength": [
        { "movementOrMyotome": "External rotation", "grade": 5, "painful": false, "notes": null },
        { "movementOrMyotome": "Abduction", "grade": 5, "painful": false, "notes": null }
      ],
      "neuro": [],
      "jointMobility": [],
      "palpation": [],
      "clinicalTests": [
        { "testId": "hawkins_kennedy", "result": "notTested", "reproducesMainSymptoms": false, "notes": null },
        { "testId": "neer", "result": "notTested", "reproducesMainSymptoms": false, "notes": null }
      ],
      "outcomeMeasures": [
        { "name": "QuickDASH", "scoreFormatHint": "0-100%" }
      ]
    },

    "subjectiveTemplate": {
      "defaultAggravatingFactors": ["Overhead activity", "Lifting"],
      "defaultEasingFactors": ["Rest"],
      "defaultRedFlags": ["Night pain", "Unexplained weight loss"]
    },

    "active": true,
    "createdAt": "SERVER_TIMESTAMP",
    "updatedAt": "SERVER_TIMESTAMP"
  }
}
