{
  "collection": "clinics/{clinicId}/patients/{patientId}/bodyCharts",
  "docId": "{chartId}",
  "description": "Body chart drawings or images referenced by notes (do not embed heavy blobs in note doc).",
  "example": {
    "schemaVersion": 1,

    "noteId": "note_123",
    "episodeId": "episode_xyz",

    "type": "drawing",
    "storagePath": null,
    "drawingData": { "version": 1, "strokes": [] },

    "createdByUid": "uid_author",
    "createdAt": "SERVER_TIMESTAMP"
  }
}
