{
  "collection": "clinics",
  "docId": "{clinicId}",
  "example": {
    "profile": {
      "name": "My Clinic",
      "logoUrl": "",
      "address": "",
      "phone": "",
      "email": "",
      "timezone": "Europe/Prague",
      "defaultLanguage": "en"
    },
    "settings": {
      "openingHours": { "weekStart": "mon", "daysOrder": "mon", "days": [] },
      "bookingRules": {
        "maxDaysInAdvance": 90,
        "minNoticeMinutes": 120,
        "cancelNoPenaltyHours": 24,
        "patientsCanReschedule": false,
        "allowGroupOverbook": true,
        "allowOverlapWithAssistant": true,
        "preventResourceDoubleBooking": true
      },
      "bookingStructure": {
        "defaultSlotMinutes": 20,
        "adminGridMinutes": 15,
        "publicSlotMinutes": 60,
        "slotMinutesByType": {},
        "bufferBeforeFirst": 0,
        "bufferBetween": 5,
        "bufferAfterLast": 0
      },
      "appearance": {
        "bookedColor": 4281560470,
        "attendedColor": 4279329537,
        "cancelledColor": 4294150923,
        "noShowColor": 4294198076,
        "nowLineColor": 4279301735,
        "slotHeight": 48,
        "showWeekends": false
      },
      "billing": {
        "defaultFee": 0,
        "vatPercent": 0,
        "invoicePrefix": ""
      },
      "communicationDefaults": {
        "senderName": null,
        "senderEmail": null
      },
      "security": {
        "allowNewPatients": true,
        "requireConsent": true
      }
    },
    "status": {
      "active": true,
      "plan": "free",
      "createdAt": "SERVER_TIMESTAMP",
      "updatedAt": "SERVER_TIMESTAMP"
    },
    "ownerUid": "{uid}",
    "schemaVersion": 3
  }
}
