{
  "collection": "clinics/{clinicId}/public",
  "docId": "booking",
  "example": {
    "clinicId": "{clinicId}",
    "clinicName": "My Clinic",
    "logoUrl": "",
    "openingHours": {},
    "bookingRules": {},
    "slotMinutes": 60,
    "services": [
      { "id": "np", "name": "New patient assessment", "minutes": 60, "price": null, "description": "" },
      { "id": "fu", "name": "Follow-up", "minutes": 45, "price": null, "description": "" }
    ],
    "updatedAt": "SERVER_TIMESTAMP"
  }
}
