{
  "collection": "clinics/{clinicId}/roles",
  "docId": "{roleId}",
  "example": {
    "name": "Owner",
    "permissions": {
      "settings.read": true,
      "settings.write": true,
      "members.read": true,
      "members.manage": true,
      "roles.manage": true,
      "schedule.read": true,
      "schedule.write": true,
      "schedule.override": true,
      "patients.read": true,
      "patients.write": true,
      "notes.read": true,
      "notes.write": true,
      "billing.read": true,
      "billing.write": true,
      "invoices.issue": true,
      "services.manage": true,
      "resources.manage": true,
      "closures.manage": true,
      "audit.read": true
    }
  }
}
