{
  "collection": "clinics/{clinicId}/patients/{patientId}/notes",
  "docId": "{noteId}",
  "description": "Clinical SOAP/IFOMPT note. Draft -> signed. Amendments allowed; amendment history kept.",
  "example": {
    "schemaVersion": 1,

    "patientId": "patient_abc",
    "episodeId": "episode_xyz",
    "appointmentId": null,

    "status": "draft",
    "noteType": "initial_assessment",

    "authorUid": "uid_author",
    "authorDisplayNameCache": "Jane Clinician",
    "createdByUid": "uid_author",

    "createdAt": "SERVER_TIMESTAMP",
    "updatedAt": "SERVER_TIMESTAMP",
    "signedAt": null,

    "lastAmendedAt": null,
    "lastAmendedByUid": null,

    "soap": {
      "screening": {},
      "subjective": {},
      "objective": {
        "globalNotes": null,
        "functionalTests": [],
        "outcomeMeasures": [],
        "regions": []
      },
      "analysis": {},
      "plan": {}
    },

    "amendments": [
      {
        "amendedAt": "SERVER_TIMESTAMP",
        "amendedByUid": "uid_editor",
        "reason": "Correction: pain score updated",
        "summary": "Subjective painCurrent corrected",
        "fieldPaths": ["soap.subjective.painCurrent"]
      }
    ],

    "retentionUntil": "INHERIT_FROM_PATIENT"
  }
}
