{
  "collection": "clinics/{clinicId}/patients/{patientId}/episodes",
  "docId": "{episodeId}",
  "description": "Clinical grouping unit for a single course of care. Notes/assessments attach to episodeId.",
  "example": {
    "status": "open",
    "title": "Low back pain - acute",
    "primaryComplaint": "Low back pain",
    "onsetDate": "2025-12-01",
    "referralSource": "self",
    "assignedPractitionerId": "prac_123",
    "tags": ["lumbar", "acute"],
    "openedAt": "SERVER_TIMESTAMP",
    "closedAt": null,
    "closedReason": null,
    "lastActivityAt": "SERVER_TIMESTAMP",
    "retentionUntil": "patient.retentionUntil",
    "createdByUid": "uid",
    "createdAt": "SERVER_TIMESTAMP",
    "updatedAt": "SERVER_TIMESTAMP"
  }
}
