{
  "collection": "clinics/{clinicId}/patients",
  "docId": "{patientId}",
  "description": "Patient identity and administrative data only. No clinical content.",
  "example": {
    "firstName": "Jane",
    "lastName": "Doe",
    "dateOfBirth": "1990-04-12",
    "email": "jane@example.com",
    "phone": "+420123456789",
    "internalRef": "PT-000231",
    "active": true,
    "archived": false,
    "archivedAt": null,
    "retentionUntil": "SERVER_TIMESTAMP + 7 years",
    "createdAt": "SERVER_TIMESTAMP",
    "updatedAt": "SERVER_TIMESTAMP"
  }
}
