{
  "collection": "clinics/{clinicId}/members",
  "docId": "{uid}",
  "example": {
    "roleId": "owner",
    "permissions": {
      "settings.read": true,
      "settings.write": true,
      "members.read": true,
      "members.manage": true,
      "roles.manage": true,
      "schedule.read": true,
      "schedule.write": true,
      "patients.read": true,
      "patients.write": true,
      "notes.read": true,
      "notes.write": true,
      "billing.read": true,
      "billing.write": true,
      "audit.read": true,
      "services.manage": true,
      "resources.manage": true,
      "closures.manage": true,
      "invoices.issue": true,
      "schedule.override": true
    },
    "active": true,
    "createdAt": "SERVER_TIMESTAMP",
    "updatedAt": "SERVER_TIMESTAMP"
  }
}
