{
  "collection": "users",
  "docId": "{uid}",
  "description": "Global user profile record (not clinic-specific). Only the user can read/write their own doc. Memberships are stored under users/{uid}/memberships later.",
  "example": {
    "displayName": "Jane Clinician",
    "email": "jane@example.com",
    "phone": "+420123456789",
    "defaultClinicId": null,
    "onboarding": {
      "completedIntro": false,
      "hasCreatedClinic": false
    },
    "createdAt": "SERVER_TIMESTAMP",
    "lastSeenAt": "SERVER_TIMESTAMP"
  }
}
